{"cameraMode":{"drawMode":0,"name":"Shaded","section":"Shading Mode"},"sceneLighting":false,"audioPlay":false,"sceneViewState":{"showFog":true,"showMaterialUpdate":false,"showSkybox":false,"showFlares":true,"showImageEffects":true,"showParticleSystems":true},"in2DMode":false,"pivot":{"x":-1.0800000429153443,"y":1.1799999475479127,"z":0.22200000286102296},"rotation":{"x":0.2549503743648529,"y":0.6243069171905518,"z":-0.22648213803768159,"w":0.7028136849403381},"size":2.8578836917877199,"orthographic":false}