{"cameraMode":{"drawMode":0,"name":"Shaded","section":"Shading Mode"},"sceneLighting":false,"audioPlay":false,"sceneViewState":{"showFog":true,"showMaterialUpdate":false,"showSkybox":false,"showFlares":true,"showImageEffects":true,"showParticleSystems":true},"in2DMode":false,"pivot":{"x":0.5139999985694885,"y":0.18000000715255738,"z":1.2378056049346924},"rotation":{"x":-0.34833890199661257,"y":0.12932273745536805,"z":-0.04858855903148651,"w":-0.9271326065063477},"size":2.5003762245178224,"orthographic":false}