{"cameraMode":{"drawMode":0,"name":"Shaded","section":"Shading Mode"},"sceneLighting":false,"audioPlay":false,"sceneViewState":{"showFog":true,"showMaterialUpdate":false,"showSkybox":false,"showFlares":true,"showImageEffects":true,"showParticleSystems":true},"in2DMode":false,"pivot":{"x":0.5070000290870667,"y":0.19200000166893006,"z":1.0670000314712525},"rotation":{"x":0.33158883452415469,"y":-0.18511712551116944,"z":0.0665275827050209,"w":0.9226887822151184},"size":22.0,"orthographic":false}