{"cameraMode":{"drawMode":0,"name":"Shaded","section":"Shading Mode"},"sceneLighting":true,"audioPlay":false,"sceneViewState":{"showFog":true,"showMaterialUpdate":false,"showSkybox":true,"showFlares":true,"showImageEffects":true,"showParticleSystems":true,"showVisualEffectGraphs":true,"m_FxEnabled":true},"in2DMode":false,"pivot":{"x":-10.413430213928223,"y":1.8115659952163697,"z":-7.445846080780029},"rotation":{"x":-0.41184836626052859,"y":0.034702762961387637,"z":-0.015697965398430826,"w":-0.9104560017585754},"size":3.203150987625122,"orthographic":false}